<?xml version='1.0' encoding='UTF-8'?>
<system creation-date="2021-11-06 08:45:32.308000" desc="" enable="False" id="D8742BCF-67FC-4494-A644-656D2D532F9C" last-modified-date="" name="IRB1200_5_90"><applications><application name="RobotWare" version="6.12.4008"><settings><system-xml path="C:\Users\Luis\Desktop\Semestres\Octavo Semestre\Robótica\Lab 3\Solution18\Virtual Controllers\IRB1200_5_90\system.xml" /><key-id path="C:\Users\Luis\Desktop\Semestres\Octavo Semestre\Robótica\Lab 3\Solution18\Virtual Controllers\IRB1200_5_90\INTERNAL\key.id" /><setting-file path="C:\Users\Luis\Desktop\Semestres\Octavo Semestre\Robótica\Lab 3\Solution18\Virtual Controllers\IRB1200_5_90\INTERNAL\controller.rsf" /></settings></application></applications></system>